"rate.total.2015","rate.total.2016","rate.total.2017","rate.total.2018","rate.total.2019","rate.total.2020","rate.total.2021","rate.total.2022","rate.total.2023","rate.total.2024","rate.total.2025","rate.total.2026","rate.total.2027","rate.total.2028","rate.total.2029","rate.total.2030","rate.total.2031","rate.total.2032","rate.total.2033","rate.total.2034","rate.total.2035","rate.total.2036","rate.total.2037","rate.total.2038","rate.total.2039","rate.total.2040","rate.total.2041","rate.total.2042","rate.total.2043","rate.total.2044","rate.total.2045","rate.total.2046","rate.total.2047","rate.total.2048","rate.total.2049","rate.total.2050","rate.lower.2015","rate.lower.2016","rate.lower.2017","rate.lower.2018","rate.lower.2019","rate.lower.2020","rate.lower.2021","rate.lower.2022","rate.lower.2023","rate.lower.2024","rate.lower.2025","rate.lower.2026","rate.lower.2027","rate.lower.2028","rate.lower.2029","rate.lower.2030","rate.lower.2031","rate.lower.2032","rate.lower.2033","rate.lower.2034","rate.lower.2035","rate.lower.2036","rate.lower.2037","rate.lower.2038","rate.lower.2039","rate.lower.2040","rate.lower.2041","rate.lower.2042","rate.lower.2043","rate.lower.2044","rate.lower.2045","rate.lower.2046","rate.lower.2047","rate.lower.2048","rate.lower.2049","rate.lower.2050","rate.upper.2015","rate.upper.2016","rate.upper.2017","rate.upper.2018","rate.upper.2019","rate.upper.2020","rate.upper.2021","rate.upper.2022","rate.upper.2023","rate.upper.2024","rate.upper.2025","rate.upper.2026","rate.upper.2027","rate.upper.2028","rate.upper.2029","rate.upper.2030","rate.upper.2031","rate.upper.2032","rate.upper.2033","rate.upper.2034","rate.upper.2035","rate.upper.2036","rate.upper.2037","rate.upper.2038","rate.upper.2039","rate.upper.2040","rate.upper.2041","rate.upper.2042","rate.upper.2043","rate.upper.2044","rate.upper.2045","rate.upper.2046","rate.upper.2047","rate.upper.2048","rate.upper.2049","rate.upper.2050"
4.02744813108813e-05,4.19983769334788e-05,4.35007102127067e-05,4.49859499865713e-05,4.65464538658527e-05,4.82656276946106e-05,5.02097933635535e-05,5.24218309366893e-05,5.4917194857803e-05,5.76827407657372e-05,6.06787304331433e-05,6.38441858865686e-05,6.71053120407599e-05,7.03860502974101e-05,7.36191830747666e-05,7.67560638715342e-05,7.97731952303297e-05,8.26745184094758e-05,8.54892134895842e-05,8.82657335553742e-05,9.1063444243414e-05,9.3943482370909e-05,9.69603161209463e-05,0.000100155120168404,0.000103551627376166,0.000107154693980404,0.000110951462191685,0.000114914722552833,0.000119007857973803,0.000123190597017103,0.000127424738657121,0.000131679059488448,0.000135932783468333,0.000140177258927034,0.000144415795305825,0.000148661899227702,2.08580667896959e-05,2.18802798932362e-05,2.25323936484117e-05,2.30379064196594e-05,2.35341679070215e-05,2.41121709437396e-05,2.48037890572102e-05,2.55979785224937e-05,2.64627860155877e-05,2.73603628775726e-05,2.82519851391992e-05,2.90969905312451e-05,2.98516722467736e-05,3.04718536137398e-05,3.09190556500609e-05,3.11676093894894e-05,3.12096651337344e-05,3.10562644751818e-05,3.07343825415979e-05,3.02811887406574e-05,2.97373007673033e-05,2.91406122438626e-05,2.85217052507313e-05,2.79012480460906e-05,2.72893146882539e-05,2.66862931531804e-05,2.60849338415506e-05,2.5473068795742e-05,2.48365545786483e-05,2.41620364517939e-05,2.34391979531981e-05,2.26622554462742e-05,2.18305819885215e-05,2.09484850862267e-05,2.00242930764562e-05,1.90689976044402e-05,6.77691605498156e-05,7.04082494075745e-05,7.31908429269669e-05,7.6227666216574e-05,7.94967667983167e-05,8.30409896729845e-05,8.69763570787366e-05,9.14455430572148e-05,9.65626329302462e-05,0.000102378424170461,0.000108874860875282,0.000115981684690128,0.000123602387056381,0.000131638870499122,0.000140009847133228,0.000148662503572654,0.000157578777636283,0.000166777390925548,0.000176311982329995,0.000186265344960065,0.000196740136819792,0.000207847159021702,0.000219692883079986,0.000232368082147964,0.000245939177514446,0.000260443399675797,0.000275888240811031,0.000292255047552463,0.000309506033138509,0.000327593532417427,0.00034647004454369,0.000366097560760443,0.000386454875299093,0.000407541987254575,0.000429381231010772,0.000452015309546465
0.000185476188091558,0.000199906095878967,0.000216864841371198,0.000234976675728742,0.000252463724185899,0.00026798129730683,0.000280875498917053,0.000291233754798025,0.000299733749933908,0.000307373903261851,0.000315189513306181,0.000324030499222801,0.00033443176942317,0.000346573144743213,0.000360310685161434,0.000375258670058109,0.000390901796523107,0.000406715979382913,0.000422275102249699,0.000437323926552495,0.000451805672502001,0.000465844406487913,0.000479693053955134,0.000493664018979342,0.000508059910961439,0.000523118040372898,0.000538976520268933,0.000555664069562045,0.000573111076041783,0.000591176428500389,0.000609682981371423,0.000628454158504127,0.0006473450554898,0.000666263290091358,0.000685177399120736,0.000704113230397868,0.000155471677069704,0.000166770422980442,0.000178088093511527,0.0001894428741423,0.000199999179407921,0.000208767904336267,0.000214969049228855,0.000218382400852779,0.000219436222679934,0.000219000007392465,0.000218037818161037,0.000217318868067397,0.00021727834081654,0.000218012380402314,0.000219350509770436,0.0002209574778153,0.000222436928718623,0.000223422520890202,0.000223646842680467,0.000222980375240012,0.000221436768004945,0.000219147574973618,0.000216316585325715,0.000213167597313312,0.000209898537697451,0.000206650374158742,0.000203493741678765,0.00020043167273745,0.000197414152464063,0.000194359254745759,0.000191175791970765,0.000187783252199203,0.000184126042296885,0.000180180546938082,0.000175955055896433,0.00017148393844744,0.000218710902793128,0.000236706976301867,0.000260310398244813,0.000286514614899361,0.000312421445071331,0.000336272373348135,0.000357618977448355,0.000377002494210621,0.000395483761565056,0.000414275883461623,0.000434533949505826,0.000457229586359112,0.000483052296938773,0.00051233730812729,0.00054504576826347,0.000580814807049575,0.00061907204871997,0.000659187311506554,0.000700622933498226,0.000743046976169462,0.000786387634406795,0.000830825468813012,0.000876735477618344,0.000924599639152048,0.000974912198594207,0.00102809667384789,0.00108444773189121,0.00114410452165882,0.00120705577004945,0.00127317156261729,0.00134225275455554,0.00141408688110746,0.00148849955584891,0.00156539254212881,0.00164476335363811,0.00172670544793543
0.000735691451021168,0.000806370184355717,0.00089413361788872,0.000988867369603653,0.00107859274822388,0.00115384600640531,0.00120982031164838,0.00124696382503502,0.00126995354595707,0.00128571612818086,0.00130137547437655,0.00132273400123826,0.00135347301020851,0.00139496666365799,0.00144651739016106,0.00150585719133677,0.00156980912768769,0.00163501185612357,0.00169859001838983,0.00175864672496758,0.00181448942803971,0.0018665709388945,0.00191620227286244,0.00196514205045771,0.00201517524400012,0.00206776965707677,0.00212385959695225,0.00218376891660774,0.00224725812278868,0.00231366349536547,0.0023820879735741,0.0024516020793879,0.00252141768953371,0.00259100751052682,0.00266015704134593,0.00272895068814858,0.000656815196235115,0.000711542009807172,0.000770298707864535,0.000832416760831999,0.000891650332148153,0.000940365230955188,0.000972773247198514,0.000987274726759235,0.000986915208227428,0.000977821595590344,0.000966712166787634,0.000958899658735687,0.000957409000401882,0.000963006654120389,0.000974691062917695,0.000990321403935194,0.00100724106396313,0.00102284455522803,0.00103504657021341,0.00104259620422578,0.00104518670694661,0.00104335387613869,0.00103821295211604,0.0010311228421506,0.00102337010230426,0.00101593835851569,0.00100939033942824,0.00100385682067651,0.000999107337383126,0.000994670426317209,0.000989971749340904,0.000984462909183823,0.00097772044391937,0.000969502898460029,0.000959763285091398,0.000948623105297005,0.000819993844210276,0.000908402705405055,0.00102920358172683,0.00116175050885552,0.00128727005992936,0.00139403862579601,0.00147852051584276,0.00154383429443566,0.00159681907706335,0.0016454628957309,0.00169736269589291,0.00175885050412818,0.0018343871690669,0.00192616833392457,0.00203404578591676,0.00215583749337742,0.00228799803633354,0.00242651080866258,0.00256779028870479,0.00270938231884508,0.00285032337486511,0.00299112953835438,0.00313348412224347,0.00327974856881888,0.00343243021503104,0.0035937168720185,0.00376515004740727,0.00394746925781559,0.00414062563734528,0.00434393598919025,0.00455632942210284,0.00477662906591913,0.00500381234052911,0.00523720460278989,0.00547657997300703,0.0057221649719154
0.0022326046707585,0.00243722369607095,0.00270070161791544,0.0029865208816423,0.00325368275082925,0.00346982156391933,0.0036187155050562,0.00370233998764916,0.0037371231501162,0.00374688005490086,0.00375565332361454,0.00378261601451234,0.0038395918064311,0.00393068573115168,0.00405325565205729,0.00419965681900188,0.0043594256789107,0.00452162443962391,0.00467699339346577,0.00481951701430896,0.00494711430595715,0.00506139744952294,0.00516669541497622,0.00526869800643998,0.00537309485082613,0.00548449245864107,0.00560575655668506,0.00573780346110388,0.00587977934679984,0.00602951920413862,0.00618415716248834,0.0063407586316312,0.00649686017415538,0.00665083459592766,0.00680204232973885,0.00695077683701723,0.0019961228368178,0.0021409619289799,0.00229966465150085,0.00247141232474347,0.00263606857143587,0.00276748998887056,0.00284539981310981,0.00286377188294233,0.00283271682309814,0.00277306461428131,0.00270748530564094,0.00265348960728457,0.00262060456152747,0.0026108076447215,0.00262043525619965,0.00264237713346807,0.00266810293937651,0.00268942478183043,0.00269992414077265,0.00269588928968643,0.00267660791873182,0.00264399133892195,0.0026016959354474,0.00255403794566796,0.00250500414769582,0.00245756287741457,0.00241334577020098,0.00237266298881251,0.00233475820133689,0.00229819613598264,0.00226128549163012,0.00222245872608447,0.0021805525145524,0.00213495817363151,0.00208563900880802,0.0020330371703583,0.00248514523960237,0.00275681173210606,0.0031410130469415,0.0035611926404966,0.00395084985343298,0.00426948144915612,0.00450608895482605,0.00467321547585573,0.00479573844064598,0.00490140985926952,0.0050157601858213,0.0051596294532582,0.00534750296755741,0.00558636228088414,0.00587546459617658,0.00620736884594203,0.00657015909396061,0.00695041784912475,0.00733623285782769,0.00771951202645488,0.00809713738165858,0.00847087430129436,0.00884628911637745,0.00923110751239389,0.00963346116329885,0.0100603780193097,0.0105167391280782,0.0110047958786384,0.0115242340724058,0.012072688118264,0.012646550158437,0.013241888643293,0.0138552937476216,0.0144845034445865,0.0151287257847786,0.0157886443276294
0.00450690497137736,0.0048861176957612,0.0053934206960508,0.00594783354422256,0.00646230394936093,0.00686787426130075,0.00712966182922055,0.00725137618655857,0.00726740129724286,0.0072277065159216,0.00718259758413045,0.00717200762234625,0.00722049168829946,0.00733672259234164,0.00751570731440139,0.00774243339322058,0.00799624525261572,0.00825544750146421,0.00850150901378916,0.00872213850487334,0.00891267302452262,0.00907565773975661,0.00921898814483471,0.00935330442004677,0.00948937092311874,0.0096359943825802,0.00979876361104674,0.00997964839133787,0.0101773301258293,0.0103880506317427,0.010606734148785,0.0108281419979798,0.0110478526213553,0.0112629200562841,0.011472144113175,0.0116759699559471,0.00402213969631612,0.00425659781008506,0.00452768107067068,0.00482287550069474,0.00509303856239546,0.00527921307114725,0.00533921898933168,0.00526520610777296,0.00508449863908182,0.00484442739003129,0.00459253306050253,0.0043632890527023,0.00417416614739342,0.00402788208928286,0.00391691822828744,0.00382805062497349,0.00374619823219836,0.00365754680946374,0.00355190204094458,0.00342405658961428,0.00327396981333508,0.00310581348807944,0.00292626431663883,0.00274261046735195,0.00256118945473579,0.00238645110037329,0.00222068222676959,0.00206425007860832,0.00191615178659883,0.00177466937989369,0.00163797885743544,0.00150461636052972,0.00137375321272642,0.00124527407884985,0.00111968870611339,0.000997933878784997,0.00502513418514174,0.00556842649218345,0.00635156263334807,0.00721710358198439,0.00803154996958562,0.00871342732716505,0.0092390450772898,0.00963012292696164,0.00993323433662273,0.0102034989090921,0.010494959321267,0.0108541751313911,0.0113151026906176,0.0118956730809801,0.0125969155981693,0.0134049695834875,0.0142956757063764,0.0152407980361491,0.0162144570263172,0.0171982964985797,0.0181843456824924,0.0191752729847956,0.0201824329797505,0.0212225412906834,0.0223139177274659,0.0234730997999121,0.0247123722002147,0.0260384813144934,0.0274525579507918,0.0289510730433693,0.0305275063404611,0.0321743266919955,0.0338848758462257,0.0356548173232824,0.0374829413513097,0.0393712729319812
0.00848890827989079,0.00915086925662593,0.0100561523746341,0.0110463580243824,0.0119569451306565,0.0126578590367663,0.0130832525068309,0.0132399128640855,0.0131923862792942,0.0130345786872106,0.0128610497515611,0.0127469450229575,0.0127387985618002,0.0128538576709186,0.01308440636284,0.0134045080758489,0.013777819086119,0.0141656440410868,0.0145342693716788,0.0148604097619319,0.0151338247481758,0.0153568518603908,0.0155414304666834,0.0157047587202235,0.0158648360974063,0.0160368615708999,0.0162309980905948,0.0164515841318498,0.0166975785825708,0.0169638735023884,0.0172430609884867,0.01752725776567,0.0178096554696723,0.0180855677138749,0.0183528741002977,0.018611892821156,0.00765477264269331,0.00804876809320722,0.00853660580214892,0.00905612106327715,0.00949606796140968,0.00974224910335964,0.00972504230984548,0.00944536613187758,0.00896708958534171,0.00838423927048096,0.00778565528992491,0.00723371967699668,0.00675934730073186,0.00636706692081833,0.00604356819343831,0.00576598220997778,0.00550872908416224,0.00524886458497723,0.00496989140355527,0.00466377205253081,0.00433093406657643,0.00397847013450114,0.00361723148299288,0.0032587615429432,0.002912886087828,0.00258638190079864,0.00228271895428869,0.00200258741363469,0.00174482787613112,0.00150742975007888,0.00128836921476734,0.00108616769057312,0.000900140696290863,0.000730372417773507,0.000577494790405271,0.000442370413521356,0.00937532979833246,0.0103388813358673,0.0117273981594753,0.0132782833171255,0.0147654169395871,0.0160426047267063,0.0170554504827437,0.0178269200678977,0.0184302755266535,0.018963880702103,0.0195310832630088,0.0202239002277366,0.0211107989021456,0.0222296941621854,0.0235865678001641,0.0251593319864966,0.0269060148290356,0.0287757120244734,0.0307200903785431,0.0327030120766389,0.0347063851671208,0.0367314708162594,0.0387961027823739,0.0409291459510315,0.0431638485689452,0.045531596940321,0.0480571586099752,0.0507559920203822,0.053633728655943,0.0566875508810814,0.059908914075598,0.0632869089871472,0.0668115424523792,0.0704763303455377,0.0742798166784909,0.078225901888776
0.0145099733005672,0.015443362259032,0.0167679132823758,0.0182230808686554,0.0195510301753415,0.0205505362543684,0.0211203093623681,0.0212705634977965,0.0210999612321043,0.0207523578118986,0.0203729989767882,0.0200777069104536,0.0199386555918203,0.0199833427814843,0.0202013668689217,0.0205548795296845,0.0209904522051923,0.021451028918913,0.0218866122578577,0.0222621264796643,0.0225612137528841,0.0227856495625683,0.0229511913751844,0.0230814627343492,0.0232016390869899,0.0233333163839032,0.0234912986045814,0.0236824253289093,0.0239061332221741,0.0241562258722098,0.0244232633172532,0.0246970192026142,0.0249685559967499,0.0252316189581684,0.0254832271701736,0.0257235140903876,0.0130189810934808,0.0134924533298999,0.0141181781967254,0.0147594979725141,0.0152309455199923,0.015361847446725,0.0150641709515006,0.0143611678851641,0.0133654015895095,0.0122259388161253,0.0110775748460078,0.0100123492006221,0.00907438098248191,0.0082688463179971,0.00757565534124346,0.00696235542305308,0.00639438578417375,0.00584250095741732,0.00528743939079452,0.00472176515903221,0.00414894764422167,0.00358025210548782,0.00303054875259911,0.00251432320838811,0.00204286898384617,0.00162305141362879,0.00125746117335824,0.000945440469880852,0.000684405437090237,0.000471015235838208,0.000301931469840914,0.000174084779107807,8.44795177890769e-05,2.9604686940345e-05,4.4221749250869e-06,1e-09,0.0160989856849211,0.0175544092477078,0.0196955929308548,0.0221334514417873,0.0245334161473036,0.0266694532508918,0.0284420088488529,0.0298654662384631,0.0310381683899686,0.0321080170379386,0.0332389267561123,0.0345813450158274,0.036250339690857,0.0383132855138268,0.0407871037054476,0.0436438691177142,0.0468231007131516,0.0502483834332965,0.0538451114127889,0.0575557660385217,0.0613497849024136,0.0652266201011865,0.0692123928428705,0.0733519549871059,0.0776988156063435,0.0823053064560054,0.0872147933279479,0.0924569756544441,0.0980465614875809,0.103984969381747,0.110264243186451,0.116872099845082,0.123796982886,0.131032159148071,0.138578226589303,0.146443812520253
0.0205443416762559,0.021390994630749,0.0226979442251003,0.0241389726293256,0.0254211717972496,0.0263248270802443,0.0267442628007964,0.0266954370071844,0.0262888468332744,0.0256826819555121,0.0250359940228658,0.0244756182637205,0.0240807449479963,0.0238818615345866,0.0238684307280686,0.0240006628281197,0.0242225841171533,0.0244747379638496,0.0247051154349409,0.0248769286897643,0.0249722227085903,0.0249911868333172,0.0249480367374401,0.0248650320666782,0.0247663258024815,0.0246729694179667,0.0245997799696758,0.0245541782003111,0.0245366860502506,0.0245425574797721,0.0245639649469773,0.0245922178710658,0.0246196068825975,0.0246406215759241,0.0246524559895271,0.0246548680661194,0.0182787342488123,0.0185639359520108,0.0189993116069671,0.0193830507670647,0.0195062548800902,0.0192036887227001,0.018413095107796,0.0171892996541563,0.0156713458447231,0.0140266907102512,0.0124017252851557,0.0108949472200221,0.00955296330647533,0.00838074043727417,0.00735691328537107,0.00644829043757638,0.00562112595243396,0.00484866651789729,0.00411513404819264,0.00341645325452127,0.00275826063966982,0.00215212301695666,0.0016111993334953,0.00114653735392323,0.000764770622598236,0.000467368831455507,0.000251063146680312,0.000108777417412276,3.03159588371075e-05,1.85868554125622e-06,1e-09,1e-09,1e-09,1e-09,1e-09,1e-09,0.022970584823022,0.0244617716704046,0.0267979904418821,0.029533971001704,0.0322991267940469,0.0348324794967759,0.0370038006957726,0.0388096065994663,0.0403481926136293,0.0417820890572875,0.0432970156801282,0.0450656000606413,0.0472213942777276,0.0498449642306871,0.0529610870648167,0.0565450675204195,0.0605359880544947,0.0648543361527472,0.0694207954724839,0.0741726544069889,0.0790748363976762,0.0841239823169125,0.089345791567649,0.094787310498782,0.100506638488912,0.106562552185211,0.11300603059511,0.119874882190037,0.127191864782908,0.134965993028667,0.143196219107689,0.151876384407385,0.16100028646429,0.170565870558905,0.180577886619526,0.191048764552091
0.0258478428859927,0.02618760119651,0.0269861934778826,0.0278959972678194,0.0286472366275357,0.0290491568537496,0.0290173508189086,0.0285735693510137,0.0278189812790717,0.0268932809225859,0.0259350290243204,0.0250538396326088,0.0243174980139783,0.0237514471940133,0.023345983404949,0.0230670287858519,0.0228677423195719,0.0226992946978988,0.0225196274171319,0.0222992820492475,0.0220237971972198,0.0216928114267836,0.021316679277129,0.020911829072561,0.0204961214968963,0.0200851594878949,0.0196900314143153,0.0193165257684096,0.0189655476611568,0.0186343190289545,0.0183179245973378,0.0180108279623404,0.0177080879528939,0.0174061276831848,0.0171030270940087,0.0167984070355048,0.0231254673279642,0.0229391461052783,0.0228732725025202,0.0227185192344507,0.0222952658486946,0.0214777245710713,0.0202346465498331,0.0186313512273935,0.0167979727216997,0.0148837306927448,0.0130177190513706,0.0112873999115151,0.00973509945081344,0.00836641922752457,0.00716346116924851,0.00609779845928141,0.00514066724189492,0.00426960568505075,0.00347162089378526,0.00274334068978868,0.00208887442794089,0.0015163515118911,0.00103420992245735,0.000648147384694247,0.000359237875018648,0.00016319736083716,5.02978697744666e-05,4.87747771968313e-06,1e-09,1e-09,1e-09,1e-09,1e-09,1e-09,1e-09,1e-09,0.0287539694120283,0.0296974909063405,0.0315136199057439,0.0337236138001665,0.0359769303643559,0.0380304423573209,0.0397615079296258,0.0411631374199559,0.0423208167793019,0.0433769911020224,0.0444927709856109,0.0458154309972836,0.0474565034987189,0.049481271433467,0.0519080146686691,0.0547146296115751,0.0578503134001087,0.061250030314962,0.0648492879801492,0.06859670369091,0.0724623139917169,0.0764406044549259,0.0805484917157408,0.0848195450981699,0.0892962965785498,0.094022501847667,0.0990368194524822,0.104368779633553,0.110037302775248,0.116051514841078,0.122413248986979,0.12912043727328,0.136170581214084,0.143563622913337,0.151303777010607,0.15940016818019
0.0311448361024889,0.0304970402138188,0.0302456535773466,0.0300984132671865,0.0298781844209988,0.0294674484099601,0.0288172491624559,0.027941453920717,0.0268987614128308,0.0257690128346492,0.0246310643864684,0.0235471914066604,0.0225556209558819,0.0216701146350225,0.0208842800489884,0.02017823550456,0.0195257622287055,0.0189006600507409,0.0182814957006793,0.0176543289759387,0.0170133858965699,0.016360012280455,0.0157005116935423,0.0150435747883837,0.014397927684542,0.0137706181041483,0.0131661066313623,0.0125861144992926,0.0120300408540398,0.0114957066353393,0.010980191325522,0.0104805782511151,0.00999449202924106,0.00952038172932651,0.00905756364092216,0.00860608030205728,0.0272315693910957,0.0260210641204976,0.024784083065156,0.0234312095240269,0.0218985938875101,0.0201483882461095,0.0181933476967684,0.0160955446327529,0.0139466518238737,0.0118426333045167,0.00986329886569714,0.00806179647362063,0.00646386219384575,0.00507356254287867,0.0038816118210273,0.0028732212892033,0.00203376830644911,0.00135170649949463,0.000818877755180385,0.00042877821399177,0.000173430901899871,3.92260651356589e-05,4.52062825120151e-07,1e-09,1e-09,1e-09,1e-09,1e-09,1e-09,1e-09,1e-09,1e-09,1e-09,1e-09,1e-09,1e-09,0.0353774472713052,0.0354057579638584,0.0363721283098126,0.0377906955144532,0.0393876823546854,0.0409846026532433,0.0424907086422542,0.0438911692973506,0.0452299644979393,0.0465882203180451,0.048061537993869,0.0497402748881927,0.0516954654470145,0.0539713362148045,0.0565840100853529,0.0595252319584395,0.0627695916775358,0.0662835434594913,0.0700344707308123,0.0739982056426299,0.0781638503896106,0.0825354054472037,0.0871304179206814,0.091976429404561,0.0971063029782264,0.102553522777236,0.108348349675907,0.114515382132659,0.121072707023502,0.128032501971138,0.135402712560543,0.143189297542708,0.151398517078773,0.160038820395858,0.169122041328276,0.178663793979157
0.0386772865888778,0.0368801932889534,0.0353658761956251,0.0339636710770914,0.0326263108609236,0.0313201016095419,0.0300256671110967,0.0287362694280988,0.0274544224957324,0.0261878333556694,0.024945649417602,0.0237356862926089,0.022562915369219,0.0214291379839031,0.0203335406254292,0.0192737296438185,0.0182468609904609,0.0172505712815942,0.0162835415667785,0.0153456516552389,0.01443778602755,0.0135614169382508,0.0127181115002984,0.0119090927687888,0.01113494301768,0.010395486262688,0.00968984047325011,0.00901659676798234,0.00837406651420514,0.00776053644613346,0.00717448278770852,0.00661471301848564,0.00608042359325072,0.00557117964824387,0.00508683569313766,0.00462742306530175,0.0334837851487161,0.031109164711477,0.0285316307037374,0.0258487975675678,0.023134760726919,0.0204370771114228,0.0177940825191049,0.0152429927656066,0.012820612675258,0.0105609948321952,0.00849285413643791,0.00663802536469363,0.00501119184623247,0.00362051428098575,0.0024685704378507,0.00155305309099884,0.000866824357925714,0.000397051551542873,0.000123070625701962,1.1739458717438e-05,1e-09,1e-09,1e-09,1e-09,1e-09,1e-09,1e-09,1e-09,1e-09,1e-09,1e-09,1e-09,1e-09,1e-09,1e-09,1e-09,0.0443263298662767,0.04325003056603,0.043098460477956,0.0434415047593285,0.04413669595925,0.0450959060075329,0.0462689718168463,0.0476313718790093,0.0491761144753694,0.0509076580793185,0.0528369002894574,0.0549771052657668,0.0573409371507793,0.0599387498566139,0.062778124238093,0.0658644544395277,0.069202235143847,0.0727966274424288,0.0766548943751816,0.0807873877765927,0.0852079093895471,0.0899334260757055,0.0949832570615144,0.100377945434935,0.106138064995326,0.11228319871097,0.118831267842065,0.12579830789817,0.133198697050589,0.141045760972611,0.149352618393524,0.158133101988819,0.167402591740119,0.177178628796295,0.187481228520847,0.198332870435527
0.0487314414794542,0.0459954496122264,0.043375321411001,0.0408555610160989,0.0385257201387138,0.0364300184830112,0.0345708754909305,0.0329190667735785,0.0314264447909036,0.0300384053565502,0.0287043306911799,0.0273849623656427,0.0260562223965631,0.0247095674590041,0.0233495237825174,0.0219894724622673,0.0206469006087886,0.019339172611444,0.0180804989649669,0.0168803406064244,0.0157431208774757,0.0146688966246236,0.0136545679665542,0.0126952440033694,0.0117854789525376,0.0109202082451275,0.0100953202629996,0.00930788253870535,0.00855609558994854,0.00783907274840246,0.00715654413777639,0.00650856437230386,0.00589527537245714,0.00531674648537822,0.00477289033074568,0.00426343785635005,0.0425226682622903,0.0391854666957346,0.0354301480258885,0.0315608746308181,0.0277829893465388,0.0242142387774163,0.0209041833931798,0.0178594372350233,0.0150656744151487,0.0125040812146131,0.0101617897096877,0.0080366095211033,0.00613693391833857,0.00447816602399357,0.00307729616921787,0.00194722332648942,0.00109199878974735,0.000503449987006808,0.000158695817361353,1.64695485921968e-05,1e-09,1e-09,1e-09,1e-09,1e-09,1e-09,1e-09,1e-09,1e-09,1e-09,1e-09,1e-09,1e-09,1e-09,1e-09,1e-09,0.0554545860725672,0.0534701958927186,0.052303460615498,0.0516243218504597,0.0514383089760396,0.0517481961384168,0.0525416169820948,0.0537853207342481,0.0554274464556982,0.0574048406929468,0.0596525698261338,0.0621133419068534,0.0647450457205702,0.0675252024003236,0.0704518689600087,0.0735413047964709,0.0768233133891934,0.0803354665544707,0.084117392764223,0.0882060491045157,0.0926325229895375,0.0974205341782589,0.102586498493507,0.10814080145174,0.114089817602046,0.120438192270907,0.127190961969642,0.134355206501764,0.141941072177514,0.149962151308268,0.158435321517343,0.167380221636201,0.176818563394285,0.186773455659677,0.197268864810589,0.2083292687144
0.0617314026648444,0.0584291090956298,0.0550175334274557,0.0516519954299695,0.048559321272742,0.0458617129891114,0.0435854674336837,0.0416843396798988,0.0400676137877018,0.0386269728467538,0.0372590941293269,0.0358821707734093,0.0344451985246822,0.0329297484225812,0.0313452344545856,0.0297199134927809,0.0280904506928579,0.0264926172267915,0.0249547723217855,0.0234946691656396,0.0221192187372578,0.0208263390497608,0.0196078913921314,0.0184528314431386,0.0173499451629696,0.0162898042997309,0.0152658166421964,0.0142744395089726,0.0133147580146884,0.0123876943785653,0.0114951124839227,0.0106390272065362,0.00982104453151134,0.00904207208935771,0.0083022707062948,0.00760117620856772,0.0540359472340986,0.0499939194833834,0.045189220512542,0.0401969312478416,0.0353741485914228,0.0309078764649212,0.0268564184886677,0.0231996926876477,0.0198813767343098,0.0168398006795609,0.0140279681490089,0.0114235689433359,0.00903007815097047,0.00687078676144198,0.00497858673692476,0.00338484249623205,0.00211024201563197,0.00115921138381974,0.000517802479027393,0.000153382960058526,1.24892887699695e-05,1e-09,1e-09,1e-09,1e-09,1e-09,1e-09,1e-09,1e-09,1e-09,1e-09,1e-09,1e-09,1e-09,1e-09,1e-09,0.0700495089896883,0.0676651779039684,0.0660279595077396,0.0648706718730034,0.0643233412260585,0.0644808906919872,0.065378993512761,0.0669875544239267,0.0692213674445534,0.0719606039783599,0.0750748767892616,0.0784460935960926,0.0819863156744545,0.0856480523746957,0.0894261214535897,0.0933520262363068,0.0974831870812672,0.101889970186435,0.106643278336947,0.111804753825574,0.117420716553478,0.123520076896499,0.130115761908264,0.137208720271833,0.1447933283938,0.152862996946467,0.161414951889029,0.170453490311327,0.179991415685947,0.190049751834938,0.200656142228265,0.211842512905286,0.223642602900775,0.23608986830925,0.249216088629923,0.26305079726506
0.0764973423309218,0.0731588290898054,0.0695157484762157,0.065841736579669,0.0624535538173816,0.0595304228581433,0.0571229077570716,0.0551819852751533,0.0535953191113579,0.0522229071900634,0.0509278902459262,0.0495998341737598,0.048168527174372,0.0466075218403685,0.0449285147567402,0.0431694946074705,0.0413805500456973,0.039610955085881,0.0378999315091737,0.0362719592640083,0.0347362377936701,0.033289165739191,0.0319184840218678,0.0306078501361621,0.0293409047981762,0.0281042400670118,0.0268890199377168,0.0256913041235465,0.0245113518936182,0.023352309712433,0.0222187057539673,0.0211151023829315,0.0200451304396446,0.0190109890026105,0.0180133760652178,0.0170517387190946,0.0671834318565095,0.0628868005975717,0.0574430563256608,0.0516962291458601,0.0461431454044551,0.0410182135632767,0.0363804370180915,0.0321898567573324,0.0283625148900273,0.0248081696555374,0.0214550301457088,0.0182634807657437,0.0152295057888234,0.0123790629853332,0.00975623111336618,0.00740921180752082,0.00537821274155423,0.00368782071039547,0.00234443069788625,0.00133754389819894,0.000642801616787779,0.000224398816522798,3.42460314113412e-05,1e-09,1e-09,1e-09,1e-09,1e-09,1e-09,1e-09,1e-09,1e-09,1e-09,1e-09,1e-09,1e-09,0.0865458749247723,0.0843768645412794,0.0829952296450585,0.0820864642485184,0.0818083032104641,0.0823182642512206,0.0837025653110451,0.0859510824934483,0.0889686447233436,0.0926052136045617,0.0966921412004257,0.101075856205272,0.105643202691772,0.110335241950325,0.115149009497674,0.120129120005999,0.125352710387186,0.130911770632939,0.136896542381403,0.143382684225396,0.150423673401324,0.158048725733637,0.166265543277188,0.175066522163149,0.18443670290441,0.19436172667426,0.204834344522131,0.215858534320296,0.227450890973993,0.23963953282933,0.252461198032913,0.265957425909672,0.280170724583143,0.29514145763028,0.310905906364934,0.327495653552469
0.0902133878628048,0.0875853709786514,0.0846010238831106,0.0815159397172122,0.0786241609709151,0.0761027619741469,0.0740141343091539,0.0723275934473756,0.0709501689441554,0.0697591542999378,0.0686314279164373,0.0674660701186002,0.06619800741349,0.0648019484686709,0.0632877261281405,0.0616897712918157,0.060054227262027,0.0584269653272539,0.0568447427118253,0.0553304489876785,0.0538922623341931,0.0525258132556687,0.0512181477853644,0.0499522946944664,0.0487114507085064,0.0474821094015859,0.0462558062448665,0.0450294800113509,0.0438047109576983,0.0425862527469279,0.0413803150866455,0.0401929924144704,0.0390291067237548,0.0378915832931044,0.0367813440387892,0.035697607749191,0.0803056392810161,0.0765828484707219,0.0715181285774538,0.0660122289215503,0.0606027347465192,0.0555316328545959,0.0508624592897256,0.0465615190315135,0.0425501666104703,0.0387397897150081,0.035055440062112,0.0314501615505831,0.0279103893442401,0.0244530974790257,0.0211167660342307,0.0179494888975744,0.0149977555856416,0.0122984913554537,0.00987536809338859,0.00773893234849061,0.00588921546422791,0.00431927957664189,0.00301842167103431,0.00197423629501694,0.00117320965591601,0.000599850873217248,0.000234461832543336,4.92743787092752e-05,2.40367235674922e-07,1e-09,1e-09,1e-09,1e-09,1e-09,1e-09,1e-09,0.100820519436912,0.0994855532564807,0.0990237904328485,0.0990210752390865,0.099528716480907,0.100675547527275,0.102552269022326,0.105166394769577,0.108445690968472,0.112265338766215,0.116482493369991,0.120967964312998,0.1256290444094,0.130420951664449,0.135347150904619,0.140450848319063,0.145801063153181,0.151476912884477,0.157553287027919,0.164090182649484,0.171126885907152,0.178681122561315,0.18675242061771,0.195328326152687,0.204391836668464,0.213928467225821,0.223931695426456,0.234406046381509,0.245367652721256,0.256842633672465,0.26886398970714,0.281467863357424,0.294689980272654,0.308562901888895,0.323114455141011,0.33836742036796
0.101714949815099,0.100332328572863,0.0987276767477678,0.097023967323522,0.0953827267590395,0.0939060610757605,0.0926361308708385,0.0915644172455082,0.0906470310034926,0.0898221806720257,0.0890264776688956,0.0882076097217576,0.0873319429956704,0.0863867431249447,0.0853777651679232,0.0843237278405246,0.0832494992341656,0.0821796696991315,0.0811337045407594,0.0801232524693656,0.0791516138163719,0.0782149548665404,0.0773046272699893,0.0764098994843995,0.0755204910143886,0.0746284726102323,0.0737293088786545,0.0728220293392368,0.071908682698514,0.0709933328544825,0.0700808865353865,0.0691760105499774,0.0682823219294568,0.0674019416211389,0.0665354142676869,0.0656819286927035,0.0912467261461172,0.0886175463901823,0.0846282096220525,0.0800944530860781,0.0754981098529615,0.071040123159765,0.0667792732238666,0.0627056970591229,0.0587790219224119,0.0549510991128934,0.0511806271824085,0.0474418172192038,0.043727750151222,0.0400491243593642,0.0364296629436951,0.0328999087980666,0.0294911536809679,0.0262308098307269,0.0231398469232729,0.0202322496578093,0.0175159901580557,0.0149948147902684,0.0126701758476384,0.010542808891839,0.00861368103593167,0.00688425018940796,0.00535614034995062,0.00403043345566792,0.00290680042870936,0.00198265270476043,0.00125240972440743,0.000706867158263599,0.000332519780023781,0.000110492380163062,1.41616774745305e-05,1e-09,0.112872520722673,0.112930275428178,0.114150016144147,0.115936653727778,0.118117726696157,0.120699199307661,0.123721956842967,0.127201113272828,0.131114319313441,0.135411661299858,0.140032733708364,0.144923167166836,0.150046614992555,0.155390657259349,0.160966797688569,0.166805838086832,0.172950479583609,0.179447101300115,0.186338412819252,0.193658188037935,0.201428688102565,0.209660785343636,0.21835630459707,0.227511770620564,0.237122622688362,0.247187023957338,0.257708613049568,0.268697853256454,0.280171957147791,0.292153636040729,0.304669101029391,0.317745808254167,0.331410403900535,0.345687210122536,0.360597436804044,0.376159141646674
0.108511818600483,0.108614319125994,0.108720408201006,0.108788132929263,0.108801792731673,0.10874845389942,0.108623526793072,0.108432038433938,0.108187141575021,0.107907122307463,0.107611938894169,0.107320067177976,0.107046145597591,0.106799640374053,0.106584524093446,0.106399799808064,0.106240612538285,0.106099663038203,0.105968660643201,0.105839606539022,0.105705769970873,0.105562293796584,0.105406431324098,0.105237466098266,0.105056396701582,0.104865479949409,0.10466772129288,0.104466385733029,0.104264581464947,0.104064946516529,0.103869449205509,0.103679298174596,0.103494947597993,0.103316177451039,0.103142226560842,0.102971956453098,0.0979168087874482,0.0966099165370746,0.0940683913656702,0.0909502309903549,0.0876081170649247,0.0841573243038491,0.080629086298027,0.0770356174198386,0.0733905130243458,0.0697122690658774,0.0660223042477698,0.0623419573715574,0.0586901432692927,0.0550821435866076,0.0515294618917324,0.0480404449229285,0.0446213157158989,0.0412773011421629,0.0380136176214744,0.034836173371633,0.0317519339413197,0.0287689684383146,0.0258962413593269,0.0231432385430168,0.0205195184632486,0.0180342672466048,0.0156959138680969,0.0135118370907391,0.0114881727138884,0.00962971162765879,0.00793986726620845,0.00642068506592192,0.00507286524975718,0.00389577197848263,0.00288740478929061,0.00204431037752338,0.119766477965861,0.121471877955969,0.124662722525821,0.128575457000757,0.132806683350715,0.137212171197198,0.141760983224355,0.146467979103945,0.151367016362847,0.156499497425679,0.161908412036384,0.167634528166786,0.173713761426046,0.180175535613157,0.187042123427446,0.19432891428137,0.202045458166619,0.210197051088062,0.218786586070022,0.227816398859729,0.237289881582015,0.247212707045223,0.257593585699479,0.26844455230867,0.279780839650314,0.291620436110931,0.303983441760298,0.316891336127595,0.330366255669223,0.344430355834291,0.359105307162271,0.374411951018454,0.390370120689009,0.406998618379625,0.424315327886442,0.442337435526577
0.110387500586579,0.111891620694694,0.113581554625185,0.115303998099599,0.116902703242913,0.118266032389533,0.119342362961459,0.120139657065031,0.12071295124978,0.121145116551631,0.121526415811445,0.121937234163269,0.122436514378846,0.12305659176921,0.123803739382186,0.124662931466109,0.125605032170384,0.126594673336189,0.127597376608982,0.128584911835355,0.129538389175654,0.130449075457707,0.131317325472094,0.132150266354057,0.132958946831185,0.133755584057679,0.1345513603347,0.135355002054464,0.136172167992749,0.137005519768758,0.137855259480223,0.138719896432152,0.139597033054075,0.140484020273198,0.141378404675687,0.142278156550874,0.100893922246994,0.100968426364021,0.100075687254852,0.0986513741829308,0.0968691968127872,0.0947435757768545,0.0922671365084177,0.0894639222155268,0.0863946554502873,0.0831420692016563,0.0797917508888697,0.0764165673799234,0.0730678373748629,0.069773246548527,0.0665398588862525,0.0633600831567788,0.0602186254514591,0.0570989161988689,0.053988030680479,0.0508796357598563,0.0477749497008608,0.0446820573074994,0.0416141407306404,0.0385872485523032,0.0356181480965592,0.0327226357934565,0.0299144790641886,0.0272049846507876,0.0246030657684013,0.0221156233911992,0.0197480565426141,0.0175047540560695,0.0153894753450348,0.0134055828977766,0.011556132790296,0.00984385595900675,0.120397812928191,0.123494777228073,0.128125826931714,0.133538395844323,0.139236075788353,0.144983579191573,0.15069766307089,0.156388860762684,0.162128154736366,0.168021642570862,0.174188374043072,0.180741403249648,0.187773455638295,0.195348401638742,0.203498858810015,0.212229250874877,0.221522864413,0.23135102128643,0.241682456828277,0.252491303563011,0.263762617503125,0.275495013590109,0.287700566599065,0.300402580828425,0.313632079088258,0.327423901811985,0.341813175547131,0.356832668060213,0.37251126468981,0.388873539975077,0.405940204580874,0.423729102071779,0.442256413138583,0.461537779222586,0.481589155688129,0.502427316662039
0.108515891212752,0.110889921910723,0.113577552661317,0.116396903283316,0.119122648794842,0.121587564829173,0.123705595394374,0.125473593734965,0.126955608903811,0.128256799039284,0.129494913556995,0.130775859038189,0.132177194528567,0.133740674677765,0.135472912676979,0.137352059637026,0.139337946664219,0.141383186397162,0.143443117416671,0.145483094231659,0.147482379425681,0.14943465570656,0.151345802786918,0.153229967454403,0.155105054555784,0.156988617741425,0.158894819860863,0.160832767599457,0.162806191479528,0.164814197314001,0.166852681862739,0.168915980210222,0.170998373678095,0.173095203605009,0.175203474097385,0.177321955234159,0.0998176266898183,0.100759371817746,0.1009426396458,0.10067241653191,0.0999953382260733,0.0988580908810284,0.0972223587716926,0.0951096658402921,0.0925992253144721,0.0898037313756126,0.0868406364052833,0.0838094219271594,0.0807790455362642,0.077785236510803,0.0748350290218376,0.0719153639622921,0.0690029603482865,0.0660733526158256,0.0631077278066376,0.0600968995534341,0.0570423990548778,0.0539551932334418,0.0508528809938359,0.0477563201043724,0.0446865128986617,0.0416623032218528,0.0386991123035783,0.0358086581682769,0.0329994155504065,0.030277494053059,0.0276476245802483,0.0251140164603688,0.0226809467343761,0.0203530408024387,0.0181352806792895,0.0160328236064488,0.117653771042951,0.121608228471148,0.127116722899884,0.133509782738398,0.140292172306829,0.147194492903815,0.154102988644432,0.161014540338128,0.168004505659352,0.175197515089839,0.1827392270525,0.190770705841986,0.199408207192186,0.20873067665276,0.218775876066951,0.229544433126893,0.241009778671653,0.253131178836286,0.265866959630084,0.279185483487372,0.293072290331538,0.307532825476797,0.322591113095404,0.338285423071873,0.354662332680519,0.371770601603632,0.389656025446196,0.408358012873202,0.42790815740126,0.448330645628695,0.469644030115128,0.491863733316554,0.515004640365895,0.539083255501069,0.564119092981199,0.590135194888759
0.102740280150536,0.105525256954026,0.10865473500891,0.111976874741167,0.1152642521123,0.118343552357331,0.121119921093025,0.123580445382337,0.125779954523909,0.127815873044886,0.12980002215307,0.131834039414882,0.133992500757847,0.136315089649147,0.138807039026132,0.14144579616856,0.144191313470234,0.146997351311237,0.149821545346421,0.152632637842132,0.155414088558957,0.158164113076846,0.160892879994257,0.163618008709424,0.166359604149504,0.169135887225618,0.171960129557946,0.174839192392414,0.17777359834118,0.180758791968505,0.183787097427437,0.186849856065027,0.189939302039952,0.193049875392411,0.196178840708034,0.199326238743241,0.0955266559775675,0.0970466265260568,0.0980290804025519,0.0986626444275614,0.0989040444349701,0.0986689919509951,0.0979086682979218,0.0966400425347373,0.094939650037472,0.0929185565412518,0.0906934895319075,0.0883638723033947,0.0859988659683887,0.0836342586770431,0.0812767650228565,0.0789126400960953,0.0765177679219503,0.0740670051291442,0.0715412817795303,0.0689316968777335,0.066240549361466,0.0634798377083563,0.0606681469446867,0.0578269614270529,0.0549773095181302,0.0521373448137803,0.0493211107579955,0.0465384208020372,0.0437955742603249,0.0410965345623453,0.0384442056072942,0.0358415212489742,0.0332921770485853,0.0308009509518825,0.0283736569379984,0.0260168388930888,0.11027123983344,0.114433472019451,0.119943053909721,0.126314707382821,0.133149138906149,0.140201575727528,0.14735344814006,0.154586859863742,0.161960602200668,0.169584221052201,0.177590756572236,0.186111102999561,0.19525347768873,0.205090651943878,0.215655982348233,0.226947533555266,0.238938181281578,0.251588786341068,0.264861411542821,0.27873004320232,0.293187193999543,0.308245851443185,0.323937240759423,0.340305598304541,0.357401505746951,0.375275320282605,0.393971930510522,0.413527588502532,0.433969039414271,0.455314697059559,0.477577273015418,0.500767097199229,0.524895371627207,0.549976746290688,0.576030844492846,0.603082633040738
0.0952534022806288,0.0981503171065301,0.101319267336325,0.104692834701492,0.108101661925326,0.111412841082755,0.114548931861424,0.11749176375844,0.120273221521921,0.122957707464085,0.125621884612115,0.128336589948261,0.131154094682345,0.134101955475844,0.137183091844571,0.140380657748843,0.143665742805248,0.147005852017382,0.150372379196152,0.153745814606968,0.157118096102391,0.160492185060001,0.163879487541958,0.167296053788465,0.170758549378693,0.174280837761717,0.177871725444511,0.181534086835455,0.185265280728109,0.189058544639713,0.19290493014361,0.196795322753179,0.20072215736855,0.204680566734616,0.208668852201613,0.212688310666466,0.089246713727274,0.0910525107645093,0.0924117292243783,0.0934871233925345,0.0942258680642729,0.0945631991643597,0.0944640765037673,0.0939407611385892,0.0930480112434119,0.0918658166440752,0.090479184206229,0.0889615718546688,0.0873650815826384,0.0857176769877227,0.084025978752278,0.0822815064638716,0.0804682296737331,0.0785696505220185,0.0765741734484185,0.0744781200336184,0.0722863367533452,0.0700108318511319,0.0676681851300625,0.0652765627552681,0.0628530580980824,0.0604118374461528,0.0579632832660086,0.0555140734990138,0.0530679597136824,0.0506269246828755,0.0481924018418537,0.0457663023112439,0.0433516922314752,0.0409530677224197,0.0385762653759004,0.0362281085214454,0.101496344730288,0.105570147642189,0.110723036936038,0.116668039497474,0.123136319552064,0.129946209463839,0.136999450524093,0.144270276910867,0.151790972928865,0.159633782990859,0.167890795511684,0.176654652198525,0.186003026459537,0.195988984860842,0.206638028253314,0.217951246085773,0.229912937264157,0.242500441423188,0.255693845400217,0.269483628142134,0.283875037124329,0.298888849055141,0.314558954237881,0.330927764423491,0.34804070423884,0.365941011737291,0.38466580859467,0.404243999650603,0.424696124284166,0.446035894540421,0.468272878873134,0.491415658301248,0.515474795811688,0.540465095154824,0.566406837716036,0.593325923494845
0.0862557064565385,0.0890464369270631,0.0919789291689602,0.0950936209227473,0.0983102803160173,0.101561073376429,0.104800994579257,0.108011058885597,0.111195305989247,0.1143736917546,0.117573353789239,0.12082050999912,0.124134575199467,0.127525234648534,0.130992426751669,0.134528600807252,0.138122285650799,0.14176192992469,0.145439116350823,0.149150546668017,0.152898559270684,0.156690292957001,0.160535876913497,0.164446167968056,0.168430565116787,0.172495332013044,0.176642691659401,0.18087076927596,0.185174288531422,0.189545800769511,0.1939771610178,0.198460960236504,0.202991671545928,0.207566352400288,0.212184844238723,0.216849505695753,0.0810325923913845,0.0828576710084057,0.0842126110283165,0.0853075520983369,0.0861405762895046,0.086696749321303,0.086966741664116,0.0869575246857169,0.0866929237503617,0.0862077892971417,0.0855399862797291,0.0847233221846467,0.083783097958751,0.0827346932512912,0.0815847191651274,0.0803338178451727,0.0789800803022118,0.0775221848663357,0.075961631029317,0.0743037747093627,0.0725576898180307,0.0707351288319157,0.0688489943314498,0.0669117551948472,0.0649341645805846,0.0629245001769749,0.0608883937900178,0.0588291835533467,0.0567486305796675,0.0546478008407331,0.0525279187959075,0.0503910404854139,0.0482404554577216,0.0460807935418589,0.043917870749524,0.041758349175647,0.0916757792232851,0.0955045721320671,0.100159850416246,0.105524066539506,0.111457204130609,0.117858092746383,0.124666662869204,0.131859315985528,0.13944206265644,0.14744199402035,0.155897859672407,0.164851042463826,0.174338303607418,0.184387312796067,0.195015353509766,0.206230915169633,0.218037332416376,0.230437324301699,0.243437263284579,0.257050234366279,0.271297342964585,0.286207184570914,0.301813793188857,0.318153662053373,0.335262543850496,0.353172693570485,0.371911050156468,0.391498614509124,0.411951026139654,0.433280117733472,0.455496072176474,0.478609739429873,0.502634692129159,0.527588693675335,0.553494393894165,0.58037922293513
0.0750749853800233,0.0775969354178346,0.0801363769733482,0.0828160935210165,0.0856344879721675,0.0885829883955532,0.0916488006800136,0.0948170422865594,0.0980722670685243,0.101399504074039,0.104784982299607,0.108216701101502,0.111684949096763,0.11518279773505,0.11870652505433,0.122255880611351,0.125834094526188,0.12944756127863,0.133105182322383,0.136817415270883,0.140595135071821,0.144448451176556,0.148385636890461,0.152412311846865,0.156530980253805,0.160740974193884,0.165038792426476,0.169418770381392,0.173873974455872,0.178397189038105,0.182981860529213,0.18762287835402,0.192317104784419,0.197063607263601,0.201863591583547,0.206720074712706,0.0707022013889782,0.0724009539012224,0.0736122075220836,0.0745874501718534,0.0753803891992854,0.0760209200972665,0.0765216083878803,0.0768853725304147,0.0771106816296384,0.0771945515364535,0.0771341826247428,0.0769278950791823,0.0765757394712609,0.0760799354895313,0.075445149996769,0.0746785639025814,0.0737896777095885,0.0727898440226197,0.071691567955712,0.0705076636765693,0.0692503843173865,0.067930647447446,0.0665574601402664,0.0651376121585111,0.0636756613233684,0.0621741905074083,0.0606342783161198,0.0590561004858983,0.0574395687469028,0.0557849182808988,0.0540931717272883,0.0523664331532898,0.0506079947821652,0.0488222676799275,0.0470145707757856,0.0451908275765263,0.0796061473756834,0.0830104620076174,0.0869957206578516,0.0915666692788645,0.0966829422446125,0.102314639096495,0.108441375144766,0.11504876537897,0.122126135736007,0.129665492517965,0.137661278239707,0.146110570516213,0.155013529874789,0.164373976641669,0.174199988146064,0.18450438952767,0.195304998202303,0.206624496232216,0.218489853377839,0.230931298717653,0.243980923312961,0.25767107085525,0.27203272128506,0.287094084554126,0.302879596403864,0.319409450683731,0.336699723989666,0.354763061909762,0.373609816202235,0.393249461432184,0.413692086941322,0.434949759444107,0.457037581403715,0.47997432402264,0.503782581098429,0.528488459688008
0.0621645192124664,0.0642733902911114,0.0662734829970542,0.0683535606512705,0.0705855272475979,0.073016689471271,0.0756656891557963,0.0785238177647554,0.081560472362831,0.084731243031049,0.0879870041800397,0.0912824267016713,0.0945825874327636,0.0978668303565056,0.101129643153182,0.104378904425881,0.107632287986091,0.110912801179261,0.114244387093435,0.117648301504675,0.121140675761332,0.124731378979017,0.128424052476428,0.132217032460359,0.136104806647422,0.140079655165562,0.144133186045854,0.148257567792433,0.152446362908521,0.156694957164557,0.161000646115856,0.165362476717894,0.169780949024388,0.174257667715287,0.178795005383106,0.183395809048088,0.0586320277118039,0.0600573950029671,0.0609704640222897,0.0616600522517999,0.0622398021907278,0.0627824152594507,0.0633203654727834,0.063853480895589,0.0643587816175709,0.0648008779721047,0.0651417044319102,0.0653484931476446,0.0653991609664593,0.0652847394604021,0.0650090166147798,0.0645860295705977,0.064036324893913,0.0633829380771515,0.0626478728413715,0.0618495715189249,0.0610015576149521,0.0601121738202374,0.0591851699157932,0.0582208195883015,0.057217247367321,0.0561717023335317,0.0550815987632245,0.0539452335471256,0.0527621692785449,0.0515333296585635,0.0502608859876273,0.0489480214644587,0.0475986495329428,0.0462171414716602,0.0448080945954079,0.043376151845999,0.065821722250781,0.0686621493577611,0.0718440297065867,0.0754651058170266,0.0795690003455185,0.0841917033315864,0.0893527379885164,0.0950500919860143,0.101261116329416,0.107948136468809,0.115066789752622,0.122575037184676,0.130441026915577,0.138648474723789,0.147198897811612,0.156110745438217,0.165416053524777,0.175155601060978,0.185373634042491,0.196113088566065,0.207411969285608,0.219301210427566,0.231804036545256,0.244936597482583,0.258709500759734,0.273129808685671,0.288203095245336,0.303935246560385,0.32033380995632,0.337408821526344,0.355173146659465,0.37364243721785,0.392834838196827,0.412770570482266,0.433471485948765,0.454960650514757
0.0492279466820252,0.050864406240081,0.052297338719042,0.0537554184359622,0.0553640162841537,0.057210718166414,0.0593371101944978,0.0617399962080604,0.0643795450159485,0.0671919023461299,0.0701037950244842,0.0730465906975647,0.0759674633012439,0.0788359840039667,0.0816455405773784,0.0844101593589265,0.0871581897082634,0.0899246882684354,0.0927442088942104,0.0956452278848369,0.0986468281318309,0.101757703710944,0.104977125006789,0.108297253709996,0.111706107815444,0.11519052231159,0.118738596414292,0.122341321539786,0.125993300765998,0.129692658292414,0.133440365617692,0.137239266246949,0.141093067159991,0.145005501220619,0.148979775097838,0.153018326636558,0.0462073088836877,0.0472448031644723,0.0477407709340796,0.0480096385856774,0.0482124364856812,0.0484529139074924,0.0487772207876581,0.0491833388264858,0.0496346330193356,0.0500750128200566,0.0504437476190022,0.0506880527020951,0.0507718265801203,0.0506796112852252,0.0504158508689674,0.0500004997423496,0.0494626399253274,0.0488338495760686,0.0481426994721262,0.0474111563253099,0.0466530700127229,0.0458744660017166,0.0450751063698258,0.0442507048030339,0.0433952345050112,0.0425029019474356,0.0415695302220095,0.0405932678033336,0.039574683359768,0.0385164051588222,0.0374225063808835,0.0362978294822913,0.0351473978126654,0.033976000013339,0.0327879705081615,0.0315871408680306,0.0523640653121211,0.0546454904566184,0.0571053481519584,0.0598951809698615,0.063116992802442,0.0668554382282358,0.0711617086748804,0.0760462686333148,0.0814812513043005,0.0874102354574066,0.0937624786059652,0.100468421532735,0.107473361830825,0.114746837384056,0.122286419548947,0.130115970769703,0.138279574839061,0.146833022341251,0.155834858384637,0.165338679377924,0.175387788393109,0.186012669431653,0.197231155721445,0.209050726957632,0.22147211297851,0.234493313003708,0.248113240006625,0.262334425010228,0.277164504860741,0.292616503242245,0.308708142015688,0.325460553438011,0.342896794581079,0.361040507917803,0.37991495680854,0.399542527664162
0.0381575481751764,0.0393705230800136,0.0403112381849986,0.0412304385527406,0.0422892043574725,0.0436015224957495,0.0452243025374425,0.0471591857751527,0.0493623464667065,0.0517594186420428,0.0542630446783121,0.0567902652016672,0.0592767756209028,0.0616856199220197,0.0640092448988948,0.0662655055394222,0.0684895402263043,0.0707240087226431,0.0730099885544253,0.0753801282879431,0.0778548057204044,0.0804412909520768,0.0831353845291403,0.0859247024512712,0.0887926826741836,0.0917224550085294,0.0946999105987296,0.0977155824536989,0.100765247152708,0.103849419529805,0.106972089486469,0.110139121156923,0.11335670570532,0.116630157683539,0.119963208413257,0.123357814090136,0.0355752218312771,0.0362661819857824,0.0364041723069335,0.0363162272845301,0.0361940567762272,0.0361594663315444,0.0362654871162606,0.0365083782592951,0.0368437461342703,0.037204132233155,0.0375162956087186,0.0377162505010425,0.0377600187349156,0.0376286460074558,0.0373272976588927,0.0368796653055269,0.0363198614579419,0.0356841373045236,0.035004227781137,0.0343032639919224,0.0335943626596683,0.0328814224059466,0.0321613731969923,0.0314270797602095,0.0306702063692669,0.0298835387938462,0.0290624808778528,0.0282056612907989,0.0273147679908019,0.026393847820356,0.0254483539771469,0.0244842003175088,0.0235070093386095,0.0225216482085986,0.0215320602844303,0.020541335707747,0.040849193748608,0.0426290718647686,0.0444596617804456,0.0465234407135803,0.0489620173234574,0.0518941127041573,0.0553944463214168,0.0594848497418114,0.0641371430435922,0.0692849524466421,0.0748413244554581,0.0807184814514329,0.0868457403992739,0.0931821343276483,0.0997217310422682,0.106491552257918,0.113543682656196,0.120944142732249,0.128761264863401,0.137055838066569,0.145874473509986,0.155246759599985,0.165185997286267,0.175692723355782,0.186759882737951,0.198378413214201,0.210542142322155,0.223251216064345,0.236513698725944,0.250345404125141,0.264768353231471,0.279808445880229,0.295492971107189,0.311848484009109,0.328899393282693,0.34666738732617
0.0280466200551454,0.0289436892357478,0.0295532497296971,0.0301091890897206,0.0307739654335051,0.0316632522094446,0.0328363190028395,0.0342982930000132,0.0360098013952146,0.0379012381888024,0.0398896351507144,0.0418957098377896,0.0438581246817882,0.0457422989025104,0.0475424697107599,0.049277530817873,0.0509826674916,0.052699437089131,0.0544666945268107,0.0563139730191899,0.0582580127812744,0.0603023619343483,0.0624394544044755,0.0646542863405414,0.0669287223114306,0.0692455325791966,0.0715914668666182,0.0739589682836496,0.0763464615336356,0.0787574407266954,0.0811987761689412,0.0836787300284056,0.0862051266367196,0.0887839986149058,0.091418869133596,0.0941106738913749,0.0259276133157105,0.0263861644337852,0.0263327623987014,0.0260672596929792,0.0257779802620214,0.0255826997037088,0.0255318099400945,0.0256214601674697,0.02580962167531,0.0260328082457679,0.026222305977845,0.0263184084353448,0.0262807018021086,0.0260928075383944,0.0257612539761016,0.0253096969895342,0.0247707660692887,0.0241779676564699,0.0235594535611449,0.0229344973891895,0.022312647225188,0.0216949648185463,0.0210765352894837,0.0204494416217798,0.0198055397031224,0.0191385725075108,0.0184453872977757,0.0177262382343906,0.0169843371901458,0.0162249290447073,0.0154541998943961,0.0146782847658573,0.0139025512546586,0.0131312300630054,0.0123673712661294,0.0116130433430741,0.0302662759001972,0.0316444564210798,0.0329991772931025,0.0345055496114678,0.03630992693062,0.038537410846122,0.0412694178295721,0.044534349699587,0.0483099855098903,0.0525347228108124,0.0571248785076467,0.0619946227052007,0.0670744484446404,0.0723243736168404,0.0777395572282843,0.0833481211687574,0.0892028606441203,0.0953696148875033,0.101915228682704,0.108897495589202,0.11635858985574,0.124322558294659,0.132796624833051,0.141775437219252,0.151246998776001,0.161198905868027,0.171623655531542,0.18252215204602,0.193905031445351,0.205791918923734,0.218209126666164,0.231186520607424,0.244754318013269,0.2589404526077,0.273768916559667,0.289259223574265
0.0187760853664095,0.019419670492049,0.0198351914216014,0.0201952417966003,0.0206242579604655,0.0212116597550807,0.0220042458589066,0.0230079058451897,0.0241948954767967,0.0255145270755283,0.0269058412664157,0.0283104962651528,0.0296836028249941,0.0310004057972645,0.0322577629639879,0.0334708307533023,0.0346665531171047,0.0358760350069627,0.0371276612799243,0.0384421836314918,0.0398302772760382,0.0412924793753352,0.042821028218624,0.0444029063663954,0.0460233184062791,0.0476688859388685,0.0493300055741019,0.0510020607984667,0.0526854531076525,0.0543846591233254,0.0561066780333328,0.0578592858252319,0.05964946877756,0.0614822992324366,0.0633603795530893,0.0652838486331651,0.0171050875513213,0.0173983212250708,0.0172916693094137,0.0170087758205502,0.0166952891655606,0.0164415653892128,0.0162861806326495,0.0162270133199069,0.0162340220207908,0.0162620010771809,0.0162626152123436,0.016194739130294,0.0160317288437308,0.0157644948352488,0.0154002140720843,0.0149577041048483,0.0144612569684417,0.0139347790535593,0.0133975309588914,0.0128619818577442,0.0123336305746073,0.0118122610176815,0.0112939795977964,0.0107734339689676,0.0102457476612054,0.00970787228258712,0.00915923293060122,0.00860170400597818,0.00803907873930736,0.00747626519384582,0.0069184459535512,0.00637038820266848,0.00583600963781708,0.00531822143632831,0.00481900376106132,0.00433963218477842,0.0205413827276226,0.0215757449657229,0.0225909144840451,0.0237153878722278,0.025061367406931,0.026728121931722,0.0287832449764367,0.0312542619158428,0.0341295403104925,0.0373663156394138,0.040903779083893,0.0446785990991732,0.0486395801448774,0.0527583013890722,0.0570337511161735,0.0614907003929504,0.066173126420597,0.0711349060545845,0.0764301500010132,0.0821051305831025,0.0881930570317462,0.0947122005527659,0.101667195459438,0.109052806064987,0.116859096759888,0.125076814304465,0.133701901639852,0.142738377736156,0.152199253718659,0.16210560079958,0.17248423909388,0.183364715231387,0.194776266196931,0.206745353234174,0.219294143157315,0.232440072189875
0.011592536840915,0.0120095670798718,0.0122606090923134,0.0124629348494737,0.0127042773342784,0.0130480540242948,0.0135279643775712,0.0141492933590489,0.0148940212771334,0.0157281937881804,0.0166106399929334,0.0175018896383151,0.0183717107635788,0.0192037560250542,0.0199965439110277,0.0207610617291078,0.0215161411105616,0.0222830994024929,0.0230809649536168,0.0239231337079245,0.0248157883002091,0.0257579991747977,0.026743157302684,0.0277612384569172,0.0288013451268849,0.029854005864465,0.030912829228794,0.0319752913846896,0.0330426425891059,0.0341190987029245,0.0352105998078757,0.0363234527810853,0.0374631369005998,0.0386334659783669,0.0398361962183333,0.041071070495714,0.0104302066138835,0.0105993059551697,0.0104866809083886,0.0102446983075431,0.00997627997641458,0.00974482997842556,0.00957729417218507,0.00947257505776384,0.00941081003762732,0.00936228533915342,0.00929561438110628,0.00918462572692316,0.00901308524578414,0.00877651676223793,0.00848105785262417,0.00814011857860215,0.00777013276619119,0.00738668080087517,0.00700182929050175,0.00662296307016084,0.00625292929904164,0.00589107469322054,0.00553470851733834,0.0051805876294977,0.0048261296644336,0.00447018245836887,0.00411329838802064,0.00375757013707144,0.00340616385536409,0.00306272228505935,0.00273080014970355,0.00241344709364449,0.00211298970968588,0.00183100465060295,0.00156843377205943,0.00132577445964752,0.0128293074080418,0.0135268019320555,0.0142033713338176,0.014946876816209,0.0158368744786723,0.0169453597812578,0.0183229043927238,0.0199922091566033,0.0219482823035672,0.0241637286964376,0.0265978075929075,0.0292074560768438,0.0319578844549928,0.0348303712198746,0.0378257228177014,0.0409631522487831,0.0442755119172445,0.0478025054714902,0.0515836239264978,0.0556522520820514,0.0600318858985853,0.0647348534723714,0.0697634289136288,0.075112814649117,0.0807751830435753,0.0867438535113607,0.0930167572519945,0.0995985863403871,0.106501369920174,0.113743576657872,0.121348126030253,0.129339850048927,0.137742970197776,0.146579063053977,0.155865822306608,0.165616729633225
0.00660066991987815,0.00684546151478966,0.00697835873522343,0.00707375275251401,0.00718922315086053,0.00736639944866604,0.0076275145601541,0.0079764381879128,0.00840208345649991,0.00888315539702629,0.00939372860976041,0.00990897796482141,0.0104100450572804,0.0108870247656983,0.0113395419624311,0.0117751115327577,0.0122060618462832,0.0126460234213077,0.0131068502400564,0.0135965146625123,0.0141181728099562,0.0146703326143482,0.0152478872573178,0.0158436815174096,0.016450240920393,0.0170613126480852,0.0176729451574916,0.0182839592431111,0.018895807847891,0.0195119484038077,0.020136930627242,0.020775423412116,0.021431374267433,0.0221074324634331,0.0228046936080385,0.0235227554301051,0.00587075120227725,0.00595640043849925,0.00586004742288144,0.00567836100796857,0.0054785974990309,0.00530169041499369,0.00516472305241702,0.00506688711718692,0.00499575186396572,0.00493304122137507,0.00485977605905022,0.00476051527122279,0.00462618154244729,0.00445502365794371,0.00425170510898577,0.00402505540321843,0.00378534799719599,0.00354192897969222,0.0033017028815021,0.00306859364078897,0.00284380969095058,0.00262661078682731,0.00241526896048868,0.00220797610413749,0.00200353089770994,0.00180171881473534,0.00160337530804087,0.00141018830335429,0.00122434159961396,0.00104811621180367,0.000883550638280631,0.000732222449959893,0.000595167819381199,0.000472917287169933,0.00036560374721045,0.00027309340577018,0.00738249402284162,0.0078097278531546,0.00821581245728094,0.00865691121172203,0.00918577076129456,0.009850766220319,0.0106865457066971,0.0117096293965955,0.0129183403567746,0.0142960922259568,0.0158172443288921,0.0174543922148007,0.0191854812883509,0.0209990877103217,0.0228967717182114,0.0248923087250037,0.0270084325605114,0.0292722051697036,0.0317102086717277,0.0343445505033836,0.0371903310153864,0.0402548530457936,0.04353850705019,0.0470369707139838,0.0507441497897611,0.0546551939875756,0.0587689702305127,0.0630895526566194,0.0676265444004095,0.0723943108178075,0.0774104137657842,0.0826936533023184,0.0882621389546993,0.0941317441955935,0.100315174735986,0.106821736307627
0.00335491091808042,0.00349238502106409,0.00356908133772114,0.00362325598082476,0.00368522839403676,0.00377713827721195,0.00391097685320967,0.00408908274307722,0.00430595142118712,0.00455077263468317,0.00481039395760548,0.0050723337494793,0.00532730003287945,0.00557068802136026,0.00580279773429431,0.00602789789105656,0.00625256467662861,0.00648382823808957,0.00672757844759002,0.00698750526920819,0.00726466920018973,0.00755766066673375,0.00786321858183805,0.00817712580622155,0.00849517643759571,0.00881401930982416,0.00913172664578826,0.00944800977148881,0.009764087253767,0.0100822825532667,0.0104054714115589,0.010736508144203,0.0110777401910412,0.011430683221351,0.0117958868834229,0.0121729830062748,0.00292761287542324,0.00297043005965076,0.00291264613207391,0.00280500039822971,0.00268364498571051,0.00257062870479916,0.0024752694157046,0.00239750016927797,0.00233135614166388,0.00226811179273342,0.00219896696414958,0.00211714807952623,0.00201919233035873,0.00190524144321995,0.00177840598690104,0.00164352827482843,0.00150580747173095,0.00136969325035832,0.00123826607561289,0.00111311701169228,0.000994602040435698,0.000882296320935661,0.000775488141519893,0.000673595274126048,0.00057643460933312,0.0004843206416814,0.000398007560426864,0.000318520408437378,0.000246937730736727,0.000184187407520587,0.000130900237273399,8.73392518335112e-05,5.33960633000225e-05,2.86259778707975e-05,1.22827989317044e-05,3.30503695851126e-06,0.00381759588801859,0.00406582073008293,0.00430710509832082,0.00457017449380496,0.00488293141564823,0.00527181466458984,0.00575650428293364,0.00634723605669408,0.00704452439162871,0.00784080441881558,0.00872356025714469,0.00967929652164223,0.0106974398084227,0.0117732373189165,0.0129090368213552,0.0141138343291098,0.0154014363267351,0.0167878519729702,0.0182885828143169,0.0199163733869841,0.0216798038124252,0.0235828992757159,0.0256257282380187,0.0278057798243288,0.0301197753030935,0.0325655065068676,0.0351433216727673,0.0378569887067637,0.0407138251722798,0.0437241490987806,0.046900235101114,0.0502550326157482,0.0538009128139042,0.0575486683340715,0.0615069134893611,0.065681941736498
0.00148936256552711,0.00156202672409326,0.0016059270707499,0.00163724222003942,0.00166934080491716,0.00171225411787265,0.0017716114787031,0.00184877608504965,0.0019416521739095,0.00204585349495221,0.00215604905052209,0.00226728859893449,0.00237606342698566,0.00248088744540944,0.00258231225215696,0.00268245563441049,0.00278424386394575,0.00289060137668564,0.00300377860318178,0.00312493073702665,0.00325398402745018,0.00338976824291208,0.00353035411161602,0.00367350840814404,0.00381716670099171,0.00395982827973851,0.00410080143199637,0.00424026571484852,0.00437916074972739,0.00451894636769679,0.00466129834843863,0.00480780567036475,0.00495972289770489,0.00511781150330345,0.00528228263577913,0.00545283518972338,0.00126245984199725,0.00128430835803361,0.00125698549977746,0.00120309092351335,0.00113938159623923,0.00107627166484713,0.00101842369540313,0.000966332248429658,0.00091797845098177,0.000870282790339056,0.000820280477254268,0.00076595848917374,0.000706681716409191,0.000643182396555156,0.000577189710722947,0.000510872622393985,0.000446298048086489,0.000385056152817889,0.000328111441994349,0.000275852628915557,0.000228266571277376,0.000185153694600556,0.000146319014762721,0.000111697815708682,8.13990647788218e-05,5.56699937748778e-05,3.48010574619291e-05,1.89996035755768e-05,8.25964001425218e-06,2.23948266932427e-06,1.09493364379448e-07,1e-09,1e-09,1e-09,1e-09,1e-09,0.00173912299216321,0.00187297028160243,0.00200733316641259,0.00215392199197541,0.00232490471042964,0.00253259369503866,0.00278674040024111,0.00309302583571934,0.00345277083328198,0.00386363774936973,0.00432107768761197,0.00482017832594878,0.00535746020636141,0.0059321815409238,0.00654687226940184,0.00720705443141577,0.00792031713958321,0.0086950375909149,0.00953906671324813,0.0104586553378127,0.0114578152008585,0.0125382090421398,0.0136995573874602,0.0149404487114831,0.0162593623476756,0.0176556783396043,0.019130465322311,0.020686901110466,0.0223302715022735,0.0240675853034646,0.0259069155897907,0.0278566162861161,0.0299245674638044,0.0321175783892113,0.0344410341118753,0.0368988197065371
0.000601586004745016,0.000635046143738826,0.000655290449266766,0.000668975687695694,0.000681895899814375,0.000698483807010797,0.000721287171359266,0.000751011468725639,0.000786878723164885,0.000827148251324759,0.00086970663388426,0.000912635160443004,0.000954648586152438,0.00099531717355369,0.00103504310345007,0.0010748340198421,0.00111596526414246,0.00115963199815989,0.00120667062373474,0.00125739459985243,0.00131155809825052,0.00136843720361375,0.00142700111927523,0.0014861331935902,0.00154485461588683,0.00160250530732688,0.00165884830623069,0.00171408341587367,0.00176877729189617,0.00182373413636985,0.00187983967136789,0.00193791060094793,0.00199857473078323,0.00206219679310464,0.00212885479896909,0.00219836315344741,0.000484406773896546,0.000492207145951944,0.00047716393061664,0.000449211346648107,0.000416022108447616,0.000382371655044725,0.000350462125046061,0.000320713518634883,0.000292548898450537,0.000265040382305822,0.000237386465344596,0.000209206960746339,0.000180645261011277,0.000152292698995887,0.000124990963602642,9.95982396048196e-05,7.68013426338947e-05,5.70214023766787e-05,4.0415447307997e-05,2.69427036933291e-05,1.64521932925895e-05,8.75332208486655e-06,3.64324182503412e-06,8.72923457910165e-07,1.51378645198264e-08,1e-09,1e-09,1e-09,1e-09,1e-09,1e-09,1e-09,1e-09,1e-09,1e-09,1e-09,0.000734307658380775,0.000800240234777251,0.000868302825853391,0.000943117622846066,0.00102996506355132,0.0011346189034303,0.0012619869152074,0.00141526954960585,0.00159572031327933,0.00180291555031656,0.00203541135547401,0.00229161129833432,0.00257061738514377,0.00287284586656334,0.00320027012067901,0.00355626811908927,0.00394515408929247,0.00437153468334134,0.0048396466200466,0.00535281686979742,0.00591315012947988,0.00652149883820475,0.00717771337790854,0.00788111229642629,0.00863106648504391,0.0094275695703996,0.010271675752785,0.0111657227253148,0.012113309519706,0.013119052168078,0.0141881812799807,0.0153260680881975,0.0165377683598172,0.0178276601891293,0.019199227402487,0.0206550107130853
0.000229132279835916,0.000245355784357641,0.00025694875512172,0.00026581524082641,0.000273731920538592,0.000282151843599223,0.000291976138166632,0.000303529903849283,0.000316669109516346,0.000330957427890691,0.00034586581985504,0.000360953163367338,0.000375991543593281,0.000391013781829638,0.000406282492673592,0.000422200742281437,0.000439195872691296,0.000457608043811515,0.000477607192712408,0.000499151787989544,0.000521993343533395,0.000545722794878737,0.000569848040828756,0.000593886411446227,0.000617452894192512,0.000640326155009983,0.000662480038304731,0.000684076810685408,0.000705427207488737,0.000726928732300189,0.000748996263108785,0.000771998001915155,0.000796206406697926,0.000821769462087486,0.000848703599502824,0.000876906312683031,0.000168815118701246,0.000172399889045681,0.000166775912714723,0.000155282879506759,0.000140774610440705,0.000125194330113442,0.000109624499965584,9.45478441813537e-05,8.01186502453129e-05,6.63790502760857e-05,5.34003935703206e-05,4.13465940921561e-05,3.04680039298023e-05,2.10468344846184e-05,1.33242300522067e-05,7.43840359922399e-06,3.3911273607862e-06,1.04068007557117e-06,9.61030761736326e-08,1e-09,1e-09,1e-09,1e-09,1e-09,1e-09,1e-09,1e-09,1e-09,1e-09,1e-09,1e-09,1e-09,1e-09,1e-09,1e-09,1e-09,0.000300815165861841,0.000334251844553522,0.000371398100154896,0.000413631678967901,0.000462619543162444,0.000520452532760389,0.000589147131355538,0.000670269327795526,0.000764788859235393,0.000873150587254808,0.000995508924220194,0.00113204408740048,0.00128326529071906,0.00145021695063459,0.00163453812528029,0.00183836900861029,0.00206413631124707,0.00231427346899426,0.00259094079968565,0.00289580729360868,0.00322994189275942,0.00359383956108223,0.0039875789957041,0.00441107984619381,0.00486440497480231,0.00534804390590243,0.00586311973047118,0.00641148099242965,0.00699566637749306,0.00761875610788693,0.00828414398774924,0.00899527497919056,0.0097553946767715,0.0105673505866767,0.0114334730515133,0.0123555485422674
9.92747988470233e-05,0.000107105106103608,0.000112892031595205,0.000117361375830455,0.000121244550660384,0.000125166289366098,0.000129533029737535,0.000134513481288823,0.00014008042697515,0.000146085283335378,0.00015234254589419,0.000158704766525454,0.000165112519524491,0.000171610789322793,0.000178332638375288,0.000185459393053533,0.00019317084291646,0.000201598561146075,0.000210792109911951,0.000220703720927233,0.000231193206284639,0.000242051447323059,0.000253037626164834,0.00026392266083048,0.000274529874620505,0.000284764553804392,0.00029462683032662,0.000304206468108221,0.000313662279289656,0.000323191805834427,0.000332997965698966,0.000343258729996568,0.000354104206671981,0.000365603479144221,0.000377761693894923,0.000390526426266743,6.63775765478686e-05,6.79308749499764e-05,6.52468162898018e-05,5.97421760773758e-05,5.27473571339838e-05,4.52171019891335e-05,3.77286333834368e-05,3.05929602227229e-05,2.39729810382335e-05,1.79735743226712e-05,1.26940738969848e-05,8.24380013910885e-06,4.7278499912237e-06,2.21511961932709e-06,7.01123460989916e-07,6.96489697652168e-08,1e-09,1e-09,1e-09,1e-09,1e-09,1e-09,1e-09,1e-09,1e-09,1e-09,1e-09,1e-09,1e-09,1e-09,1e-09,1e-09,1e-09,1e-09,1e-09,1e-09,0.000140402069048818,0.000157408079223786,0.000176940301169507,0.000199606728110775,0.000226138139248343,0.000257520111161251,0.000294776827782426,0.000338782337145897,0.000390174418370959,0.000449374101018487,0.000516687164406661,0.000592448281474379,0.000677161275623443,0.000771594078905344,0.000876803220480697,0.000994083647294607,0.00112485848627356,0.00127053604477688,0.00143236705466239,0.00161133442045976,0.00180810110385628,0.00202302992562773,0.0022562736415862,0.00250791782216992,0.00277814691195061,0.00306739880511574,0.0033764766536982,0.00370659708200808,0.00405936820932408,0.00443670502483157,0.00484070062047691,0.00527347791938208,0.00573704760021352,0.00623319462971562,0.00676340935837491,0.00732887083990405
5.85102273213753e-05,6.34583697479322e-05,6.65077560658874e-05,6.83674252505144e-05,6.97678963625237e-05,7.13094459828927e-05,7.33664593401297e-05,7.6082237606733e-05,7.94138798180949e-05,8.3200019382851e-05,8.72357291063667e-05,9.13418311400306e-05,9.54155413010843e-05,9.94525573919518e-05,0.000103538635222169,0.000107817549046264,0.000112447615850825,0.00011755914926651,0.000123221950313541,0.000129427877398818,0.000136090217616284,0.000143059019772221,0.000150149137144662,0.000157175323079332,0.00016398699339297,0.000170495176709873,0.000176686151170617,0.000182619783871446,0.000188414396648311,0.000194222790494696,0.000200205171149397,0.000206504214215763,0.000213226009138179,0.000220428847986753,0.000228120268651188,0.000236261596283833,3.27326318495863e-05,3.36255654057669e-05,3.16015948158166e-05,2.7762335556367e-05,2.31675089721332e-05,1.85325009185028e-05,1.42365867670834e-05,1.04406374467705e-05,7.19889980539353e-06,4.53366345539198e-06,2.47060161688824e-06,1.03918639186025e-06,2.43581499893004e-07,2.85659834506193e-09,1e-09,1e-09,1e-09,1e-09,1e-09,1e-09,1e-09,1e-09,1e-09,1e-09,1e-09,1e-09,1e-09,1e-09,1e-09,1e-09,1e-09,1e-09,1e-09,1e-09,1e-09,1e-09,9.3709774227584e-05,0.000105254971073553,0.00011791956037302,0.000132412631969169,0.000149546125978281,0.000170340656405359,0.000195834290007597,0.000226896669597133,0.000264131363529783,0.000307879531708077,0.000358311215011404,0.000415571512297022,0.000479935382588745,0.000551924955755767,0.000632358163896934,0.000722319752583965,0.000823066279892366,0.000935890547880191,0.00106197741886672,0.00120228332549291,0.00135746676967685,0.0015278869224272,0.00171367296688515,0.00191485073579307,0.00213149965093924,0.00236390601753685,0.00261268039053865,0.00287881613185267,0.00316368018409488,0.00346894143126845,0.00379645343230318,0.00414811496353611,0.00452573338158027,0.00493091302769166,0.00536498490441494,0.00582898594724374
0.000124944385040861,0.000132524787686934,0.000130137461583308,0.000123459430296861,0.000117293332242138,0.000114666065704586,0.000116949077567829,0.000124348524794391,0.000136257316611572,0.000151448192690554,0.000168293500625431,0.000185123305982286,0.000200652753603956,0.000214303303626799,0.000226283504209831,0.000237424383594438,0.000248872319644362,0.000261766699711571,0.000276987127265686,0.000294998678956902,0.000315791553091106,0.000338906069756255,0.000363536595073164,0.000388701581236134,0.000413449794483181,0.000437056563199457,0.000459161973900702,0.000479819714703041,0.000499453265944207,0.000518742147544486,0.000538474762750791,0.000559403860420045,0.000582130541488913,0.000607030065519409,0.000634222425104375,0.000663584145235003,4.683375830537e-05,4.49500944174898e-05,3.48990832111081e-05,2.30277023114018e-05,1.32799783290452e-05,6.70927842596704e-06,2.84952588845105e-06,8.75080863488624e-07,1.02503510452543e-07,1e-09,1e-09,1e-09,1e-09,1e-09,1e-09,1e-09,1e-09,1e-09,1e-09,1e-09,1e-09,1e-09,1e-09,1e-09,1e-09,1e-09,1e-09,1e-09,1e-09,1e-09,1e-09,1e-09,1e-09,1e-09,1e-09,1e-09,0.000252324489663893,0.000281203750231182,0.00030684098415792,0.000334097201700539,0.000369002708377766,0.00041867257249096,0.000489992007577459,0.000588517484464315,0.000717678262850564,0.000878395174834367,0.00106939440495235,0.00128828055938319,0.00153303543894803,0.00180339837756911,0.00210168554392584,0.00243287817080452,0.0028040600649157,0.00322342130338734,0.00369908208349878,0.00423798002194883,0.00484503801852217,0.00552278587669974,0.00627152975775194,0.00709004608189054,0.00797664686698535,0.00893036675385788,0.00995199554820273,0.0110447322293328,0.012214343646971,0.0134688337787508,0.014817731291227,0.0162711642028468,0.017838907884527,0.0195295744431391,0.0213500690152851,0.0233053820230011
